MolWt,HeavyAtomMolWt,ExactMolWt,NumValenceElectrons,BCUT2D_MWHI,BertzCT,Chi0,Chi0n,Chi0v,Chi1,Chi1n,Chi1v,Chi2n,Chi2v,Ipc,Kappa1,Kappa2,LabuteASA,PEOE_VSA1,PEOE_VSA10,PEOE_VSA11,PEOE_VSA12,PEOE_VSA13,PEOE_VSA14,PEOE_VSA2,PEOE_VSA3,PEOE_VSA5,PEOE_VSA6,PEOE_VSA7,PEOE_VSA8,PEOE_VSA9,SMR_VSA1,SMR_VSA10,SMR_VSA3,SMR_VSA4,SMR_VSA5,SMR_VSA6,SMR_VSA7,SMR_VSA9,SlogP_VSA1,SlogP_VSA10,SlogP_VSA11,SlogP_VSA12,SlogP_VSA2,SlogP_VSA3,SlogP_VSA4,SlogP_VSA5,SlogP_VSA6,SlogP_VSA8,TPSA,EState_VSA1,EState_VSA10,EState_VSA2,EState_VSA3,EState_VSA4,EState_VSA5,EState_VSA6,EState_VSA7,EState_VSA8,EState_VSA9,VSA_EState1,VSA_EState2,VSA_EState3,VSA_EState4,VSA_EState5,VSA_EState6,VSA_EState8,HeavyAtomCount,NOCount,NumHAcceptors,NumHeteroatoms,MolMR,Bitterness Concentration,Log(Bitterness Concentration)
567.06,535.812,566.1489646,206,35.49569296,1293.336234,28.29431797,21.27044448,22.84287,18.06029784,11.57275191,13.39077972,7.851860972,9.6805983,134245534.5,31.00046411,14.64764342,226.7038159,25.26104494,0,0,0,10.11812686,11.93861058,4.552749874,9.589074368,0,47.9991423,37.6100271,17.26442903,54.58708133,36.77021009,33.65767733,5.316788604,5.733667477,24.66086392,33.47519984,87.72367611,0,11.05045608,0,0,11.60093989,58.38435727,33.91779009,0,25.32883194,82.03307478,0,154.25,27.97464348,18.00687135,23.68235193,40.70490633,0,19.24253168,56.31204388,0,5.316788604,36.0979461,45.02161229,25.38689019,3.521579061,7.700858033,-1.864127273,14.46763137,4.415478869,38,10,9,12,141.8337,9.12E-05,-9.302455661
584.105,544.793,583.2591378,214,35.49569298,1368.238526,28.27744564,23.7307493,25.38110544,19.2068598,13.77792387,16.75710469,10.95021836,14.54094949,938407687.4,28.68017631,12.35123826,241.8031094,29.73530791,17.91403788,5.817862778,5.948339281,0,0,4.899909731,4.983978521,0,23.73367403,57.48443471,62.3686725,24.68141366,9.301911239,52.8757334,19.7677765,0,18.88348407,82.28914611,53.68404636,5.749511833,25.57488979,28.82836088,5.749511833,18.74283262,92.5652765,4.565048285,0,12.84164325,48.66141305,0,85.86,7.141892734,4.565048285,0,28.51806248,48.6078499,25.93115606,26.63629232,30.33183534,54.48166956,16.33780284,18.54071215,16.49470353,7.625490742,2.623470816,1.521737904,14.36111208,10.21724101,40,9,9,11,166.4369,0.037493282,-3.283593509
390.867,367.683,390.1346349,144,35.49569172,730.3368451,20.23384004,15.24838196,16.00431091,12.79060146,8.243229269,8.621193742,5.960499856,6.396935637,617845.8481,22.34115226,11.82706468,163.2834641,15.11296452,0,0,0,0,11.93861058,4.983978521,9.589074368,0,29.8000411,56.88984176,34.98335114,0,19.80212916,23.53955047,9.883888252,0,12.33872767,20.64010037,77.09346606,0,0,0,0,11.60093989,52.67565399,9.589074368,0,23.59610716,60.81345326,0,90.73,11.93861058,9.589074368,0,18.06994626,23.68213934,5.563451492,0,30.46231185,42.17833342,21.81399468,0,25.81180207,16.3986393,2.385761527,-2.19382716,14.17050646,1.031614465,27,6,4,7,105.1146,0.005825595,-5.145494139
330.749,319.661,330.0077201,112,35.49569358,771.1955159,15.62095586,10.53762792,12.11005344,9.786712266,5.646848445,7.571132396,4.111292521,6.04833759,47413.2531,15.36057083,5.761535947,124.9222617,14.84046694,10.65573089,0,10.02329115,0,5.969305288,0,18.35130791,0,11.60093989,24.26546827,0,29.08139048,22.7360125,33.28092261,0,5.138973738,11.44023988,5.316788604,46.87496349,0,10.45576234,5.687386275,0,11.60093989,19.49362967,16.56804756,0,16.11823609,39.84126568,0,122.63,20.88807992,13.21233417,22.81822749,5.760247419,6.066367068,12.32953006,12.13273414,0,5.316788604,26.26359196,27.80389407,10.79169727,16.80830702,-0.091406368,-0.725466939,5.512018112,0.220566027,21,7,5,9,75.8192,3.05E-08,-17.30553915
206.285,188.141,206.1306798,82,16.3664048,324.894119,11.42228525,9.526670282,9.526670282,7.002907755,5.320300906,5.320300906,4.399478124,4.399478124,1862.335968,11.76304602,4.964460295,90.94175377,5.106527395,0,0,0,0,5.969305288,4.794537184,0,0,38.11294267,30.38936785,0,5.917906046,9.901064579,5.969305288,0,5.917906046,33.10993927,0,35.39237126,0,0,0,0,0,11.07583268,11.21535881,5.917906046,37.81602063,24.26546827,0,37.3,11.88721133,4.794537184,0,5.917906046,11.98427311,5.563451492,6.9237372,24.26546827,13.8474744,5.106527395,0,10.76242507,8.850157339,2.140134165,-0.557910368,7.871574074,6.056901088,15,2,1,2,61.0348,0.014755278,-4.21615443
254.285,240.173,254.0942943,96,16.36643408,602.4009276,13.82806265,10.53721287,10.53721287,9.092224153,6.018606434,6.018606434,4.380537845,4.380537845,22591.31709,13.02211995,5.481743928,111.0655437,5.106527395,0,5.783244946,0,0,5.969305288,9.589074368,0,0,48.53093655,18.55355576,11.12690298,5.917906046,14.69560176,11.75255023,0,0,12.84164325,0,71.28765809,0,0,0,0,0,16.85907763,4.794537184,0,34.32653491,54.59730362,0,54.37,11.88721133,9.589074368,5.783244946,16.69035448,0,0,55.45467375,6.066367068,0,5.106527395,0,23.20948763,8.997030199,1.74417517,-1.617710905,15.72808934,1.605595238,19,3,2,3,72.3673,9.94E-13,-27.63703919
266.304,252.192,266.1167611,100,16.14955052,708.7697433,13.68986997,11.12820425,11.12820425,9.754020195,6.766994856,6.766994856,5.256326351,5.256326351,110375.6562,11.4011378,4.030422455,116.2120595,10.21669833,5.817862778,5.817862778,0,5.907179729,0,4.794537184,9.967957042,0,0,43.52793314,18.43552797,11.25083777,4.794537184,23.23029156,9.967957042,0,25.80722127,10.21669833,41.71969133,0,10.21669833,17.32311183,0,0,21.9169776,0,6.9237372,28.76308341,30.59278835,0,58.12,0,4.794537184,5.907179729,17.4231551,29.91034379,0,18.46005421,19.05647134,20.18465538,0,0,23.42349584,2.976388889,2.417598262,1.399305556,5.908469388,1.981435185,20,5,4,5,76.3252,3.16E-31,-70.22956586
151.165,142.093,151.0633285,58,16.25468871,253.2994976,8.267584714,6.164862963,6.164862963,5.18154055,3.249098148,3.249098148,2.228060242,2.228060242,285.5107405,7.595374078,3.053138101,64.66690538,10.423316,5.749511833,0,5.907179729,0,0,4.794537184,0,0,0,24.26546827,12.61112347,0,9.901064579,11.594566,0,0,6.9237372,5.316788604,24.26546827,5.749511833,5.316788604,5.687386275,5.749511833,0,11.01370712,4.794537184,0,6.9237372,24.26546827,0,49.33,0,4.794537184,11.65669156,5.687386275,0,19.05647134,12.13273414,0,5.316788604,5.106527395,0,10.52446854,11.4600326,0.690092593,0.07851096,6.309537037,1.437358277,11,3,2,3,42.4105,7.04E+127,294.379915
232.239,220.143,232.0847922,88,16.19758781,461.7839253,12.46625533,9.318602999,9.318602999,8.108226126,5.33371621,5.33371621,3.862281316,3.862281316,7460.405481,11.31940715,4.00892017,98.19951532,0,0,5.414990469,11.81435946,0,6.031114512,20.22265158,4.794537184,0,37.25557254,11.98427311,0,0,14.38361155,17.84547397,10.63357721,0,18.75954929,0,35.89528683,0,10.63357721,4.794537184,0,0,17.84547397,15.00406484,0,18.90801031,30.33183534,0,75.27,23.26046444,14.38361155,0,11.98427311,0,0,37.25557254,0,10.63357721,0,0,35.0066084,4.280408163,-0.722384259,-1.138981481,7.959352954,1.738051776,17,5,3,5,60.0924,1.69E-109,-250.4570466
482.505,451.257,482.1916622,180,35.49569172,956.5623139,24.1814338,20.04222307,22.04222307,15.42019352,11.65667505,11.65667505,10.56653288,10.56653288,16686697.62,27.27057004,9.618280321,220.6510656,24.85098232,5.601050811,12.39012691,5.783244946,0,35.52659132,14.38361155,0,0,25.49659904,62.51278204,22.71719227,12.52478801,68.79187991,23.50510047,0,28.58369908,70.49824296,6.606881965,23.80116485,0,34.66381343,0,0,0,52.03005442,23.91501169,28.58369908,58.79322576,23.80116485,0,141.03,59.70537887,34.49773092,65.93589236,6.420821623,18.41474778,0,12.15204021,12.99975731,6.9237372,4.736862954,4.936191543,47.22714047,33.38464672,-2.023255575,-2.913194686,0,3.264940672,34,8,8,9,113.1626,3.72E-20,-44.73797819
314.411,292.235,314.1412616,118,32.16649165,473.7363587,15.66492594,12.58789829,13.40439487,10.00723905,6.579619687,7.734320225,4.663295344,5.76846706,43242.95036,17.38173306,9.299837768,128.4562522,19.95063788,11.52049484,5.820974096,0,6.19995489,0,10.11431827,0,0,0,26.2280781,19.345282,17.22092106,9.340461986,11.76188495,15.53348694,0,12.29761001,33.44062596,45.78847623,0,10.63357721,0,0,11.76188495,43.26384674,12.29761001,10.11431827,11.52049484,28.57081406,0,83.58,4.923311049,10.11431827,0,12.3657305,35.77091335,0,18.80955693,26.2280781,15.53348694,4.417150937,5.699983621,11.92041061,16.05722536,0,3.946424533,3.984128777,1.444325773,21,7,7,8,84.4008,0.023313434,-3.758725518
623.642,596.426,623.1762444,228,32.13354115,1935.079767,31.54287664,24.05185265,24.86834923,21.12063126,13.0986349,13.91513148,9.808723922,10.80779469,6217475293,30.46721831,12.70692262,252.6026209,14.95356129,16.4648381,5.817862778,5.879988336,5.559266895,11.72085791,14.19922542,28.41710071,21.53414949,18.19910121,55.55408229,28.73910843,26.1505757,23.14981882,33.2719073,29.71156924,0,13.08951281,33.63172765,98.19673294,22.1384498,26.78275845,19.26275355,5.879988336,11.33678588,58.5775262,17.9271014,11.63444168,11.12690298,64.18637798,26.4750821,132.61,35.45932289,23.16444165,27.47792324,28.23619286,28.03661966,36.98579594,24.26546827,18.9952537,25.8318374,4.736862954,36.75741092,47.35257483,10.70815198,2.074628391,-1.587943551,12.55131456,-0.196524295,44,12,11,15,161.2744,2.04E-05,-10.79997566
408.333,385.149,407.1279657,144,35.49571728,946.4230478,17.93251065,14.99907865,16.57150418,12.70350994,8.976748196,9.354712669,6.596668886,7.033104666,1484642.303,19.73362636,8.778883922,168.9106913,4.899909731,0,5.647177221,0,0,5.689743398,9.300604337,9.476340119,17.50571497,23.73367403,36.75265697,56.1754016,0,0,35.34253655,19.08108908,0,12.96557803,37.62369176,64.16832695,0,10.58965313,5.687386275,0,24.00797305,51.80487111,6.544756406,0,6.420821623,53.45595023,5.647177221,45.78,0,4.794537184,18.09677656,12.19193363,44.16723697,5.687386275,15.27934111,36.39820241,20.96486834,11.60093989,3.154081665,17.08666691,5.163146345,1.82630969,0,13.6268806,5.653953677,27,6,6,8,111.422,0.012558699,-4.377341706
345.399,329.271,345.094726,124,32.23332525,952.9768197,17.15648977,12.97774601,13.79424259,11.53604193,7.301716758,8.741780087,5.233358403,7.0482883,371881.3178,16.35137575,6.543035067,139.3904291,5.316788604,10.71270432,0,0,10.02329115,0,4.983978521,16.78061794,0,12.13273414,42.94295882,30.69873861,5.693927995,12.80821203,10.02329115,14.27317303,0,11.44023988,7.047671983,72.43577253,11.25737949,5.316788604,4.390415048,0,0,24.4218534,16.56804756,5.817220841,5.563451492,65.95058367,11.25737949,63.99,15.84051199,12.80821203,16.15286296,6.544756406,9.5358574,30.72326485,37.37950732,0,10.30076712,0,41.1850648,3.910826326,2.967585113,1.247907218,-0.477551545,10.78405589,0.469258236,24,5,5,7,89.4105,1.81E-05,-10.91959862
361.373,341.213,361.1437843,138,19.14222038,963.2881483,18.58505748,14.65914844,14.65914844,12.37991785,8.590996603,8.590996603,6.966959135,6.966959135,825393.7398,16.83680293,5.979774542,148.7315298,24.21030946,17.85771973,11.56673267,5.428790392,0,5.969305288,4.794537184,9.184952232,0,0,20.03777625,32.3758692,16.94476576,19.02834258,22.55961649,9.467009379,0,12.96557803,44.7334893,33.86721055,5.749511833,15.06556308,10.07780132,5.749511833,0,60.37642163,0,5.817220841,23.3235667,17.05774782,10.90292493,75.01,17.21531652,19.08601681,23.5983985,30.04311164,19.15587988,6.196843572,4.567099648,18.87131891,4.899909731,4.736862954,22.55668344,28.08537166,9.36341054,-0.223816801,-1.542656507,0.994074442,5.07571034,26,7,6,8,95.0413,1.37E-31,-71.06532714
179.307,158.139,179.1673997,74,14.82163723,207.0561039,9.319990956,8.897341225,8.897341225,5.906725387,5.695400521,5.695400521,6.992420705,6.992420705,684.8548583,8.283314936,1.976571424,81.07601152,5.733667477,0,0,0,0,0,0,0,0,13.8474744,55.27281672,5.538925252,0,0,0,0,22.48155446,57.91132939,0,0,0,5.733667477,0,0,0,5.538925252,0,16.74788698,52.37240414,0,0,26.02,0,0,5.538925252,10.82998094,5.917906046,38.52492974,0,0,13.8474744,5.733667477,0,0,0,7.916597222,0.954861111,0,4.939166667,13,1,1,1,54.3244,3.82E-05,-10.17267504
123.115,118.075,123.0432618,46,16.14685416,208.7029091,6.690234444,4.612076558,4.612076558,4.304530453,2.363011215,2.363011215,1.454903666,1.454903666,129.2253387,5.682450331,2.212180313,51.73705399,5.733667477,5.693927995,0,0,5.907179729,0,9.778515705,4.983978521,0,0,0,12.39368714,6.196843572,4.794537184,5.907179729,9.967957042,5.733667477,0,0,24.28445871,0,5.733667477,0,0,0,15.87513677,0,0,10.48846518,18.59053071,0,68.87,5.907179729,4.794537184,5.693927995,0,0,18.59053071,0,0,9.967957042,5.733667477,0,17.60444444,0,5.064444444,-0.552685185,0,0,9,4,3,4,30.5499,2366.518883,7.769175329
822.953,764.489,822.4051233,322,16.70616735,2072.62807,43.67011496,35.34677769,35.34677769,27.73088403,19.78851716,19.78851716,16.11912611,16.11912611,3.44E+12,44.93389856,17.99184475,343.9147589,54.69678712,23.35250189,5.749511833,0,11.69042468,11.75641644,19.39252408,0,0,45.92300912,26.97116649,87.33070199,52.98909366,58.86370034,40.33416525,9.908822255,28.77303171,85.5928743,45.65328375,52.82961988,22.99804733,10.05365156,5.687386275,22.99804733,0,129.8552616,23.79966323,30.59536138,69.95105206,41.24067293,10.77244843,220.15,88.78286635,39.91624853,44.47280554,13.08951281,13.08951281,59.43346758,44.85590154,7.047671983,15.31810586,18.94745182,23.59642052,42.62670316,66.84818412,-0.350055308,-8.342717254,0,15.09043562,59,16,15,16,220.4792,2.557010463,0.938838788
204.314,180.122,204.183778,86,16.25411124,100.6896258,10.81155479,9.291768416,9.291768416,6.777916868,5.464119307,5.464119307,3.483740093,3.483740093,1217.454448,13.84,9.397151926,86.71192193,20.846632,0,0,0,0,0,0,0,0,13.8474744,12.84164325,25.17319447,13.21376393,10.21305479,0,10.63357721,0,38.7727993,26.30327674,0,0,10.63357721,0,0,0,48.60001319,0,0,26.68911765,0,0,64.52,0,0,25.29744559,0,25.93115606,0,0,13.8474744,10.63357721,10.21305479,0,0,24.2649452,0,0,0.400005669,6.125314311,14,4,4,4,58.335,2.40E-07,-15.24262691
236.274,224.178,236.094963,88,16.16253966,596.9467906,12.53516943,9.706314847,9.706314847,8.770856948,5.729003814,5.729003814,4.124612648,4.124612648,20630.43489,10.59432558,4.035866968,105.149136,5.733667477,0,0,0,0,6.031114512,4.899909731,4.794537184,0,48.55024262,23.25963712,0,11.37477255,4.794537184,29.55792728,0,5.733667477,0,4.899909731,59.65783953,0,10.63357721,16.16930973,0,0,6.031114512,0,0,11.12690298,48.53093655,12.15204021,46.33,6.031114512,4.794537184,0,0,22.50167553,0,4.899909731,60.68297676,0,5.733667477,0,13.29926682,0,9.106447468,0,14.93335979,0,18,3,1,3,73.5344,2.40E-15,-33.66330766
170.237,160.157,170.0513839,60,32.09199832,310.5340772,8.267584714,6.308060412,7.124556993,5.219545353,3.546258731,3.954507022,2.36295089,2.771199181,271.4782835,8.199009901,3.479115436,69.48582777,4.983978521,0,4.771065771,0,5.559266895,0,9.778515705,0,0,13.34455882,18.63869507,11.76029506,0,0,12.21787344,9.967957042,0,19.76538045,0,26.88516491,0,5.559266895,0,0,12.21787344,9.967957042,6.420821623,4.771065771,19.03848682,10.86090425,0,48.65,0,4.794537184,5.559266895,4.771065771,18.53557124,0,6.066367068,0,16.89169424,12.21787344,0.403657407,16.22465231,0,0.776342593,0,1.540972222,2.053648904,11,3,2,4,46.2424,0.009669183,-4.638811461
666.71,628.406,666.231927,252,32.23342874,1745.021591,34.39661227,25.88692052,26.7034171,21.5319674,14.34753455,15.78759788,10.70815629,12.64609127,5044939053,36.08207637,14.8013933,263.6377191,35.04686078,17.09061705,11.11775153,10.02329115,5.559266895,17.90791586,19.06541449,18.19631269,0,13.34455882,38.59133201,33.22669761,35.60138817,47.96438107,38.96460845,28.95356751,7.047671983,50.02729518,39.83357957,34.24683328,17.13736782,10.29612985,0,5.749511833,0,121.1400203,37.87539631,0,38.80386726,27.88912186,22.42125742,245.55,46.37390107,27.59594572,16.27915487,61.55309397,12.11474962,8.987018926,25.24677319,20.89514638,14.98257006,30.14695105,35.44218723,53.14512496,38.26534551,-0.992819463,-4.301305666,4.714448224,6.479860064,46,17,12,18,163.0767,7.44E-06,-11.80863971
350.289,329.121,349.1000197,122,35.49571734,731.3047065,15.26722023,13.12786923,14.70029476,10.64786705,7.942318767,8.32028324,6.515548427,6.922748553,166111.2,16.63126415,6.35063928,148.0418567,10.00643713,5.749511833,0,0,0,0,0,0,12.40703316,35.86640816,60.69667696,18.50450328,5.022633314,5.106527395,24.00797305,4.899909731,0,31.22221174,13.59242839,63.67464169,5.749511833,0,0,5.749511833,24.00797305,29.64070634,12.84164325,0,34.59253364,36.39820241,0,23.47,0,5.106527395,18.15654499,16.98238019,19.38639965,28.67462759,0,12.13273414,36.21304999,11.60093989,0,2.47773715,10.58770608,5.386264172,0.529991654,13.09843382,1.039124701,23,2,2,4,97.0928,0.010299794,-4.575631384
804.031,734.479,803.4819766,322,16.66258036,1478.29589,42.18914101,35.39308146,35.39308146,26.98305767,20.88605687,20.88605687,17.27180988,17.27180988,1.19E+12,46.90439588,20.95526621,338.6959777,43.90380668,24.03301855,0,5.787111153,11.69042468,5.969305288,14.38361155,4.794537184,6.578935684,44.57237645,95.46460725,52.04868879,30.51983194,58.18204569,23.44297491,4.899909731,29.58953023,159.8044405,27.87414903,35.95320506,0,0,0,0,0,126.0933326,42.86246351,29.58953023,105.2477239,35.95320506,0,178.36,83.86619841,34.49773092,49.5302447,56.93967751,5.57310453,19.11950481,27.03329205,32.92325181,6.578935684,23.68431477,29.74842314,57.8165448,34.1446373,1.609476328,-7.75982787,-1.14263211,13.12507928,57,13,12,13,212.5924,16.90239286,2.827455201
